,graph_name,rapc,rapc_time
0,bst_cfg._Z8new_nodei,"(1.00000000000000, 1.00000000000000)",0.155287504196167
