,graph_name,fcapc,fcapc_time
0,newtons_method_recursive_cfg._Z18newtons_method_recdid,"(0.66391252516425*1.19385911132**n, 0.842380399953**n*(0.076524367317907 - 0.215645075662048*I) + 0.842380399953**n*(0.076524367317907 + 0.215645075662048*I) - 1.00000000001488*1.0**n + 1.08646366722**n*(0.0915193701048806 - 0.0228524908510808*I) + 1.08646366722**n*(0.0915193701048806 + 0.0228524908510808*I) + 0.66391252516425*1.19385911132**n)",1.2625744342803955
