,graph_name,fcapc,fcapc_time
0,partition_cfg._Z4swapPiS_,"(1, 1)",0.13048791885375977
1,partition_cfg._Z9partitionPiii,"(0.723606797748011*1.12783848556**n, 0.886651779312**n*(0.167526046921159 - 0.042537371471034*I) + 0.886651779312**n*(0.167526046921159 + 0.042537371471034*I) + 0.886651779312**n*(-0.0293294458752485 - 0.0661060769196468*I) + 0.886651779312**n*(-0.0293294458752485 + 0.0661060769196468*I) - 0.999999999956541*1.0**n + 0.82202443150234*1.12783848556**n + 1.12783848556**n*(-0.0492088168771647 - 0.0436310850432438*I) + 1.12783848556**n*(-0.0492088168771647 + 0.0436310850432438*I))",1.160919189453125
