,graph_name,fcapc,fcapc_time
0,sudoku_cfg._Z4showPi,"(0.16274254372809*1.27702765273**n, 0.683585535371**n*(0.702052860139049 - 0.0490305466316204*I) + 0.683585535371**n*(0.702052860139049 + 0.0490305466316204*I) + 0.333333333363572*1.0**n + 1.09521474742**n*(0.0211127456950274 - 0.0167791468520473*I) + 1.09521474742**n*(0.0211127456950274 + 0.0167791468520473*I) + 1.18197339635**n*(0.0287964618566984 - 0.0582819005073641*I) + 1.18197339635**n*(0.0287964618566984 + 0.0582819005073641*I) + 0.16274254372809*1.27702765273**n)",2.7410194873809814
1,sudoku_cfg._Z5solvePKc,na,0.0
2,sudoku_cfg._Z7trycellPii,"(1.34826440443749**n, 1.34826440443749**n)",257.3711585998535
