,graph_name,fcapc,fcapc_time,naiveMathTime,firstHalfTime
0,lcs_cfg.lcsbuild,0.229931454098917*1.30793010593**n,2.9640161991119385,2.0807228088378906,0.24903154373168945
1,cantor_set_cfg.main,2*n/3,0.5628361701965332,0.2335062026977539,0.23923325538635254
2,lerp_cfg.main,n/3,0.2075512409210205,0.14101839065551758,0.027001380920410156
