,graph_name,fcapc,fcapc_time,naiveMathTime,firstHalfTime
0,bAnd1_cfg.bAnd,n/3,8.869931936264038,3.9032583236694336,3.8048882484436035
