,graph_name,fcapc,fcapc_time
<<<<<<< HEAD
0,newtons_method_recursive_cfg._Z18newtons_method_recdid,"(0.66391252516425*1.19385911132**n, 0.842380399953**n*(0.076524367317907 - 0.215645075662048*I) + 0.842380399953**n*(0.076524367317907 + 0.215645075662048*I) - 1.00000000001488*1.0**n + 1.08646366722**n*(0.0915193701048806 - 0.0228524908510808*I) + 1.08646366722**n*(0.0915193701048806 + 0.0228524908510808*I) + 0.66391252516425*1.19385911132**n)",1.2625744342803955
=======
0,sudoku_cfg._Z4showPi,"(0.16274254372809*1.27702765273**n, 0.683585535371**n*(0.702052860139049 - 0.0490305466316204*I) + 0.683585535371**n*(0.702052860139049 + 0.0490305466316204*I) + 0.333333333363572*1.0**n + 1.09521474742**n*(0.0211127456950274 - 0.0167791468520473*I) + 1.09521474742**n*(0.0211127456950274 + 0.0167791468520473*I) + 1.18197339635**n*(0.0287964618566984 - 0.0582819005073641*I) + 1.18197339635**n*(0.0287964618566984 + 0.0582819005073641*I) + 0.16274254372809*1.27702765273**n)",2.7410194873809814
1,sudoku_cfg._Z5solvePKc,na,0.0
2,sudoku_cfg._Z7trycellPii,"(1.34826440443749**n, 1.34826440443749**n)",257.3711585998535
>>>>>>> origin/function-calls
