,graph_name,rapc,num_vertices,edge_count
0,fcn_calls_cfg._Z9mergeSortPiii,"(-3.78863837037321e-191*5087532621967.0**n*n**2, -0.887433755106756*0.832978434274**n + 0.0555555555558357*1.0**n*n**2 - 0.296296296298182*1.0**n*n + 1.97530864198334*1.0**n + 1.0**n*(-0.11111111111408 - 0.0641500299109839*I) + 1.0**n*(-0.11111111111408 + 0.0641500299109839*I) + 1.09390652867**n*(-0.0846418041983743 - 0.0388775293652778*I) + 1.09390652867**n*(-0.0846418041983743 + 0.0388775293652778*I) + 1.24786859058**n*(-0.0241685346123383 - 0.0237565917914978*I) + 1.24786859058**n*(-0.0241685346123383 + 0.0237565917914978*I) - 0.148031987034886*1.28854058618**n - 3.78863837037321e-191*5.08753262197e+12**n*n**2 + 1.25025066228131e-189*5.08753262197e+12**n*n - 1.03050963683963e-188*5.08753262197e+12**n)",3.0,3.0
