,graph_name,rapc,num_vertices,edge_count
0,fcn_calls_cfg._Z11gcd_wrapperii,"(2.0**(0.25*n), 2**(n/4)*(-0.0517766952966369 - 0.0435388374686258*I) + 2**(n/4)*(0.0480137540145824 - 9.13914094378575e-27*I) + 2**(n/4)*(0.555539636578691 - 9.13914094378575e-27*I) + 2**(n/4)*(-0.0517766952966369 + 0.0435388374686258*I) - 1.0)",3.0,2.0
1,fcn_calls_cfg._Z9quickSortPiii,na,3.0,3.0
2,fcn_calls_cfg._Z9partitionPiii,"(1.1278384855616**n, 0.886651779312**n*(-0.103536790992489 - 0.0616048547380711*I) + 0.886651779312**n*(-0.103536790992489 + 0.0616048547380711*I) + 0.886651779312**n*(0.0181265943675677 - 0.0470385936362129*I) + 0.886651779312**n*(0.0181265943675677 + 0.0470385936362129*I) - 1.00000000000002*1.0**n + 1.04563122925554*1.12783848556**n + 1.12783848556**n*(0.0625945819971636 - 0.070596578565086*I) + 1.12783848556**n*(0.0625945819971636 + 0.070596578565086*I))",7.0,8.0
3,fcn_calls_cfg._Z3gcdii,"(2.0**(0.25*n), 2**(n/4)*(0.0732233047033631 - 0.0870776749372516*I) + 2**(n/4)*(-0.080749187267472 - 1.2649576665222e-26*I) + 2**(n/4)*(0.934302577860746 + 1.2649576665222e-26*I) + 2**(n/4)*(0.0732233047033631 + 0.0870776749372516*I) - 1.0)",7.0,8.0
4,fcn_calls_cfg._Z4swapPiS_,"(1.00000000000000, 1)",3.0,2.0
