,graph_name,rapc,num_vertices,edge_count
0,fcn_calls_cfg._Z14sum_factorialsi,"(1.13588834613279**n, 0.938279392699**n*(-0.0283811742465032 - 0.076359254040925*I) + 0.938279392699**n*(-0.259397747674805 - 0.0195924754178496*I) + 0.938279392699**n*(-0.259397747674805 + 0.0195924754178496*I) + 0.938279392699**n*(-0.0283811742465032 + 0.076359254040925*I) + 0.9382793927**n*(0.0791599279600526 - 0.0878728074746288*I) + 0.9382793927**n*(0.0791599279600526 + 0.0878728074746288*I) - 2.38783351536941e-12*1.0**n + 0.369313534642952*1.13588834613**n + 1.13588834613**n*(0.0239622266424198 - 0.0126853993746199*I) + 1.13588834613**n*(0.0239622266424198 + 0.0126853993746199*I))",5.0,5.0
