,graph_name,rapc,fcapc,rapc_time,fcapc_time,num_vertices,edge_count
0,combinations-1_cfg._Z4combiimi,"(1.33791731701558**n, 1.33791731701558**n)","(1.33791731701558**n, 1.33791731701558**n)",2.7544963359832764,0.5622661113739014,12.0,15.0
