,graph_name,rapc,num_vertices,edge_count
0,fcn_calls_cfg._Z17chinese_remainderPiS_i,"(0.323878142549412*1.24224980753297**n, 0.836943114714**n*(-0.0193332038752371 - 0.0713516169963605*I) + 0.836943114714**n*(-0.0193332038752371 + 0.0713516169963605*I) + 0.980998520588**n*(-0.0215153593128306 - 0.108141524185387*I) + 0.980998520588**n*(-0.0215153593128306 + 0.108141524185387*I) - 0.333333333341082*1.0**n + 1.0**n*(0.166666666669877 - 0.28867513458906*I) + 1.0**n*(0.166666666669877 + 0.28867513458906*I) + 1.02558752659**n*(0.0480219311606424 - 0.029300667118859*I) + 1.02558752659**n*(0.0480219311606424 + 0.029300667118859*I) + 1.06551239791**n*(-0.1691124392435 - 0.302100177712804*I) + 1.06551239791**n*(-0.1691124392435 + 0.302100177712804*I) + 0.323878142549412*1.24224980753**n)",9.0,10.0
1,fcn_calls_cfg._Z7mul_invii,"(1.00000000000000, 1)",9.0,11.0
