,graph_name,rapc,num_vertices,edge_count
0,fcn_calls_cfg._Z9mergeSortPiii,"(1.00000000000000, 1)",3.0,3.0
1,fcn_calls_cfg._Z5mergePiiii,"(1.5520553555948*1.28854058617503**n, -0.0512158361635902*0.832978434274**n - 0.000771604935177618*1.0**n*n**4 - 0.00102880676776395*1.0**n*n**3 - 0.0519547282130993*1.0**n*n**2 - 0.409122130443636*1.0**n*n + 1.0**n*n*(0.00617283952150519 - 0.0106916716718932*I) + 1.0**n*n*(0.00617283952150519 + 0.0106916716718932*I) - 1.51120237832033*1.0**n + 1.0**n*(0.0308641974136356 - 0.046330577621448*I) + 1.0**n*(0.0308641974136356 + 0.046330577621448*I) + 1.09390652867**n*(-0.0218899993874879 - 0.0369835475984639*I) + 1.09390652867**n*(-0.0218899993874879 + 0.0369835475984639*I) + 1.24786859058**n*(-0.00379267609309131 - 0.000576699023024259*I) + 1.24786859058**n*(-0.00379267609309131 + 0.000576699023024259*I) + 1.5520553555948*1.28854058618**n)",23.0,29.0
2,fcn_calls_cfg._Z18mergeSortSingleFcnPii,"(1.00000000000000, 1)",22.0,28.0
