,graph_name,rapc,num_vertices,edge_count
0,fcn_calls_cfg._Z4facti,"(0.333333333333333*n, n/3)",4.0,4.0
1,fcn_calls_cfg._Z14max_value_iterPii,"(0.983228301207089*1.16730397826154**n, 0.842190232386**n*(-0.0214803317526811 - 0.136700901219615*I) + 0.842190232386**n*(-0.0214803317526811 + 0.136700901219615*I) - 1.00000000000258*1.0**n + 1.09900031515**n*(0.0298661811489143 - 0.132744572848847*I) + 1.09900031515**n*(0.0298661811489143 + 0.132744572848847*I) + 0.983228301207089*1.16730397826**n)",7.0,8.0
2,fcn_calls_cfg._Z15mergeSortSimplePiii,"(1.32284310267119**n, 1.32284310267119**n)",3.0,3.0
