,graph_name,rapc,num_vertices,edge_count
0,fcn_calls_cfg._Z3gcdii,"(2.0**(0.25*n), 2**(n/4)*(0.0732233047033631 - 0.0870776749372516*I) + 2**(n/4)*(-0.080749187267472 - 7.68507085812789e-27*I) + 2**(n/4)*(0.934302577860746 + 7.68507085812789e-27*I) + 2**(n/4)*(0.0732233047033631 + 0.0870776749372516*I) - 1.0)",7.0,8.0
1,fcn_calls_cfg._Z7fib_reci,"(1.25992104989473**n, 1.25992104989473**n)",4.0,4.0
2,fcn_calls_cfg._Z10split_funci,"(1.25992104989473**n, 1.25992104989473**n)",4.0,4.0
