,graph_name,rapc,rapc_time
0,sudoku_f2f_cfg._Z5solvePKc,"(0.760084875152733*1.21486232248844**n, -1.14285714291365*1.0**n + 1.08490636312717**n*(0.0377796893059983 - 0.122674530096825*I) + 1.08490636312717**n*(0.0377796893059983 + 0.122674530096825*I) + 1.18265809795093**n*(0.153606444544884 - 0.0177652905631775*I) + 1.18265809795093**n*(0.153606444544884 + 0.0177652905631775*I) + 0.760084875152733*1.21486232248844**n)",2.1426634788513184
