,graph_name,rapc,rapc_time
0,sudoku_cfg._Z4showPi,"(0.162742543728034*1.27702765273034**n, 0.683585535371094**n*(0.702052860107425 - 0.0490305456398044*I) + 0.683585535371094**n*(0.702052860107425 + 0.0490305456398044*I) + 0.333333333368483*1.0**n + 1.09521474742382**n*(0.0211127456948137 - 0.0167791468520245*I) + 1.09521474742382**n*(0.0211127456948137 + 0.0167791468520245*I) + 1.18197339635412**n*(0.0287964618566394 - 0.0582819005074017*I) + 1.18197339635412**n*(0.0287964618566394 + 0.0582819005074017*I) + 0.162742543728034*1.27702765273034**n)",2.8311402797698975
1,sudoku_cfg._Z5solvePKc,"(0.760084875152733*1.21486232248844**n, -1.14285714291365*1.0**n + 1.08490636312717**n*(0.0377796893059983 - 0.122674530096825*I) + 1.08490636312717**n*(0.0377796893059983 + 0.122674530096825*I) + 1.18265809795093**n*(0.153606444544884 - 0.0177652905631775*I) + 1.18265809795093**n*(0.153606444544884 + 0.0177652905631775*I) + 0.760084875152733*1.21486232248844**n)",1.4803531169891357
