,graph_name,rapc,rapc_time
0,newtons_method_recursive_cfg._Z18newtons_method_recdid,"(0.663912525161222*1.19385911132122**n, 0.842380399953072**n*(0.0765243673078445 - 0.21564507564018*I) + 0.842380399953072**n*(0.0765243673078445 + 0.21564507564018*I) - 0.999999999992408*1.0**n + 1.08646366721769**n*(0.0915193701052222 - 0.0228524908520259*I) + 1.08646366721769**n*(0.0915193701052222 + 0.0228524908520259*I) + 0.663912525161222*1.19385911132122**n)",1.3063344955444336
