,graph_name,fcapc,fcapc_time,graphProcess,graphSystems,gamma,discrim,realnroots,genFunc,coeffs,exprs,solu,Upbound,apcTime2,clean,sum
0,mult_calls_cfg._Z8givetruei,1.00000000000000,0.04208683967590332,5.602836608886719e-05,0.0008573532104492188,0.007971048355102539,0.0011701583862304688,0.0002524852752685547,0.009083032608032227,0.019383907318115234,0.0006911754608154297,0.0001251697540283203,0.0007085800170898438,0.0,3.504753112792969e-05,0.04033398628234863
1,mult_calls_cfg._Z9partitionPiiib,0.067*1.128**n,1.4385192394256592,0.00010657310485839844,0.004191398620605469,0.06954526901245117,0.002052783966064453,0.0001163482666015625,0.1362137794494629,0.19280648231506348,0.07566356658935547,0.0007789134979248047,0.03908562660217285,0.0,0.8526895046234131,1.3732502460479736
