,graph_name,fcapc,fcapc_time,graphProcess,graphSystems,gamma,discrim,realnroots,genFunc,coeffs,exprs,solu,Upbound,apcTime2,clean,sum
0,bst_cfg._Z6insertP4nodei,0.088*2**(0.167*n),0.7700412273406982,9.489059448242188e-05,0.04471945762634277,0.17907929420471191,0.0024902820587158203,0.0002155303955078125,0.07432198524475098,0.10186767578125,0.036974191665649414,0.0003829002380371094,0.0701141357421875,0.0,0.20756173133850098,0.7178220748901367
1,bst_cfg._Z7delete_P4nodei,1.127*1.208**n,7.9848644733428955,0.0001342296600341797,0.012526988983154297,0.32918596267700195,0.011313676834106445,0.00017213821411132812,0.4702315330505371,4.96058464050293,0.28957581520080566,0.00041103363037109375,0.17583227157592773,0.0,1.4933109283447266,7.743279218673706
2,bst_cfg._Z8new_nodei,1.00000000000000,0.05363798141479492,5.078315734863281e-05,0.001531362533569336,0.01446080207824707,0.0015959739685058594,0.00015974044799804688,0.01051640510559082,0.02187371253967285,0.00040912628173828125,0.0001728534698486328,0.0004067420959472656,0.0,2.765655517578125e-05,0.05120515823364258
3,bst_cfg._Z12find_minimumP4node,0.5*n,0.2309572696685791,2.9325485229492188e-05,0.0035858154296875,0.04482245445251465,0.003407001495361328,0.0003323554992675781,0.10177111625671387,0.060576677322387695,0.002260446548461914,0.00016880035400390625,0.0027687549591064453,0.0,0.006674528121948242,0.22639727592468262
4,bst_cfg.main,0.272*1.208**n,39.0806999206543,0.00018858909606933594,0.028059720993041992,1.864786148071289,0.03237271308898926,0.00015878677368164062,0.33481764793395996,30.07781481742859,1.3616158962249756,0.03376960754394531,0.49967026710510254,0.0,3.9985265731811523,38.231780767440796
5,bst_cfg._Z6searchP4nodei,0.044*2**(0.2*n),0.7662298679351807,2.2411346435546875e-05,0.0038192272186279297,0.04851961135864258,0.003060579299926758,0.0001556873321533203,0.1288764476776123,0.13555335998535156,0.04533505439758301,0.00014543533325195312,0.11878037452697754,0.0,0.202880859375,0.6871490478515625
6,bst_cfg._Z7inorderP4node,1.32**n,0.0632326602935791,2.2649765014648438e-05,0.0021653175354003906,0.03364062309265137,0.002336263656616211,0.01548910140991211,0.0,0.0,0.0,0.0,0.0,0.007886409759521484,8.416175842285156e-05,0.06162452697753906
