,graph_name,fcapc,fcapc_time,graphProcess,graphSystems,gamma,discrim,realnroots,genFunc,coeffs,exprs,solu,Upbound,apcTime2,clean,sum
0,mult_calls_cfg._Z8givetruei,1.00000000000000,0.04262661933898926,5.8650970458984375e-05,0.0008013248443603516,0.010735750198364258,0.0011637210845947266,0.00016546249389648438,0.010533809661865234,0.016808271408081055,0.00018167495727539062,0.00013685226440429688,0.0005388259887695312,0.0,3.457069396972656e-05,0.04115891456604004
1,mult_calls_cfg._Z6calleri,1.00000000000000,0.08004355430603027,0.00010824203491210938,0.0026984214782714844,0.019574403762817383,0.0017273426055908203,0.00015878677368164062,0.021017789840698242,0.03171563148498535,0.00031757354736328125,0.00016736984252929688,0.0005879402160644531,0.0,9.417533874511719e-05,0.07816767692565918
