,graph_name,solve_apc,solve_runtime,nsolve_apc,nsolve_runtime
0,fcn_calls_cfg._Z4facti,"(0.333333333333333*n, n/3)",0.49524402618408203,"(n, n*(0.333333333333333 - 1.82460737542294e-48*I))",0.22613096237182617
