,graph_name,solve_apc,solve_runtime,just_solve_runtime,fsolve_apc,fsolve_runtime,nsolve_apc,nsolve_runtime,just_nsolve_runtime,solve_pc,nsolve_pc
0,fcn_calls_cfg._Z4facti,0.333*n,0.4566385746002197,0.1532127857208252,na,0.0,0.333*n,0.19753503799438477,0.03012871742248535,0.333*n,0.333*n
1,fcn_calls_cfg._Z15fact_wrapper_3xi,0.006*n**3,1.6637043952941895,0.9129691123962402,na,0.0,0.006*n**3,0.876467227935791,0.18010449409484863,0.006*n**3 - 0.13*n**2 + n**2*(0.009 - 0.00518*I) + n**2*(0.009 + 0.00518*I) + 0.864*n + n*(-0.127 - 0.0797*I) + n*(-0.127 + 0.0797*I) - 1,0.006*n**3 - 0.13*n**2 + n**2*(0.009 - 0.005*I) + n**2*(0.009 + 0.005*I) + 0.864*n + n*(-0.127 - 0.08*I) + n*(-0.127 + 0.08*I) - 1.0
