,graph_name,solve_apc,solve_pc,solve_runtime,just_solve_runtime,nsolve_apc,nsolve_pc,nsolve_runtime,just_nsolve_runtime
0,fcn_apc_relation_cfg._Z12bad_additionii,0.5*n,0.5*n - 1,0.7088210582733154,0.014918327331542969,0.5*n,0.5*n - 1.0,0.46584248542785645,0.024614810943603516
1,fcn_apc_relation_cfg._Z16ten_bad_additionii,0,-0.005*n**8 + 0.456*n**7 - 25.949*n**6 + 1003.285*n**5 - 26704.098*n**4 + 482966.957*n**3 - 5678003.719*n**2 + 39166489.146*n - 120317498,57.35791277885437,0.368333101272583,0,-0.005*n**8 + 0.456*n**7 - 25.949*n**6 + 1003.285*n**5 - 26704.098*n**4 + 482966.957*n**3 - 5678003.719*n**2 + 39166489.146*n - 120317498.0,61.11683893203735,0.730074405670166
