,file_name,graph_name,apc,rapc,cyclo,npath,apc_time,rapc_time,num_vertices,edge_count,exception,exception_type
0,/app/code/experiments/recursion/files/merge_sort.c,merge_sort_cfg._Z5mergePiiii,"('1.2885**n', '0.052*0.833**n + 0.0247*1.0**n*n + 0.1028*1.0**n + 0.094*1.0939**n + 0.0096*1.2479**n + 1.9999*1.2885**n + 0.0008*n**4 + 0.0042*n**3 + 0.056*n**2 + 0.5778*n + 1.6755')","(1.5520553555948*1.28854058618**n, -0.0512158361635902*0.832978434274**n - 0.000771604935177618*1.0**n*n**4 - 0.00102880676776395*1.0**n*n**3 - 0.0519547282130993*1.0**n*n**2 - 0.409122130443636*1.0**n*n + 1.0**n*n*(0.00617283952150519 - 0.0106916716718932*I) + 1.0**n*n*(0.00617283952150519 + 0.0106916716718932*I) - 1.51120237832033*1.0**n + 1.0**n*(0.0308641974136356 - 0.046330577621448*I) + 1.0**n*(0.0308641974136356 + 0.046330577621448*I) + 1.09390652867**n*(-0.0218899993874879 - 0.0369835475984639*I) + 1.09390652867**n*(-0.0218899993874879 + 0.0369835475984639*I) + 1.24786859058**n*(-0.00379267609309131 - 0.000576699023024259*I) + 1.24786859058**n*(-0.00379267609309131 + 0.000576699023024259*I) + 1.5520553555948*1.28854058618**n)",8.0,96.0,3.7247724533081055,23.504260063171387,23.0,29.0,,na
1,/app/code/experiments/recursion/files/merge_sort.c,merge_sort_cfg._Z9mergeSortPiii,"(2.00000000000000, 2.00000000000000)","(2, 2)",2.0,2.0,0.0049610137939453125,0.13411450386047363,3.0,3.0,,na
